Уютный дом, кровать, 98765432, 25 000 рублей
Мебель для всех, комод, 34567890, 8000 рублей
Мебельный рай, диван, 76543210, 40 000 рублей
Дом мебели, шкаф, 67894560, 20 000 рублей
Стильная мебель, кресло, 54321678, 12 000 рублей
Мир мебели, стол, 11223344, 15 000 рублей
Мебель для всех, шкаф, 34567230, 8000 рублей
Мебельный рай, кровать, 76556210, 40 000 рублей
Стильная мебель, кресло, 54321678, 12 000 рублей
Стильная мебель, диван, 52221678, 15 000 рублей
Уютный дом, кровать, 98765432, 25 000 рублей
