192899, диван, Cozy-cozy home, 70 000 рублей
273888, комод, Dream dream, 105 900 рублей
772880, комод, Уютный дом, 170 000 рублей
829400, шкаф, Dream home, 125 500 рублей
772885, комод, Уютный дом, 100 000 рублей
829301, этажерка, Dream home, 15 500 рублей
772823, комод, Уютный дом, 280 000 рублей
129301, этажерка, Dream home, 25 500 рублей
192899, диван, Cozy-cozy home, 31 000 рублей
123456, кресло, Уютный дом, 30 000 рублей
654321, шкаф-купе, Cozy-cozy home, 70 000 рублей
987654, комод, Dream home, 105 500 рублей
234567, диван, Уютный дом, 190 000 рублей
890123, стол, Cozy-cozy home, 125 900 рублей
456789, кровать, Dream home, 112 000 рублей
098765, стул, Уютный дом, 15 300 рублей
765432, шкаф, Cozy-cozy home, 280 000 рублей
321654, полка, Dream home, 24 900 рублей
